group	letter	frequency
1	A	0.08167
1	B	0.01492
1	C	0.02782
1	D	0.04253
1	E	0.12702
1	F	0.02288
1	G	0.02015
2	A	0.00074
2	B	0.00095
2	C	0.0015
2	D	0.00153
2	E	0.01974
2	F	0.01929
2	G	0.01492
3	A	0.02288
3	B	0.02015
3	C	0.01974
3	D	0.00074
3	E	0.00095
3	F	0.0015
3	G	0.00153
4	A	0.01492
4	B	0.01929
4	C	0.08167
4	D	0.01492
4	E	0.02782
4	F	0.02015
4	G	0.01974
